{"cameraMode":{"drawMode":0,"name":"Shaded","section":"Shading Mode"},"sceneLighting":true,"audioPlay":false,"sceneViewState":{"m_AlwaysRefresh":false,"showFog":true,"showSkybox":true,"showFlares":true,"showImageEffects":true,"showParticleSystems":true,"showVisualEffectGraphs":true,"m_FxEnabled":true},"in2DMode":false,"pivot":{"x":0.8897397518157959,"y":-18.918306350708009,"z":27.875282287597658},"rotation":{"x":0.24090610444545747,"y":0.017330223694443704,"z":-0.007385562174022198,"w":0.9706965088844299},"size":19.14095115661621,"orthographic":false}