{"cameraMode":{"drawMode":0,"name":"Shaded","section":"Shading Mode"},"sceneLighting":true,"audioPlay":false,"sceneViewState":{"m_AlwaysRefresh":false,"showFog":true,"showSkybox":true,"showFlares":true,"showImageEffects":true,"showParticleSystems":true,"showVisualEffectGraphs":true,"m_FxEnabled":true},"in2DMode":false,"pivot":{"x":-0.14148415625095368,"y":-6.590487957000732,"z":2.7050249576568605},"rotation":{"x":0.5674957633018494,"y":-0.014426153153181076,"z":0.007118295878171921,"w":0.8235670328140259},"size":6.210444450378418,"orthographic":false}